Story,Correlation,p-value,R-squared
Story A,,,0.000921390937183908
Story B,,,0.0030833456476070387
